{
  "project_info": {
    "project_number": "828301390629",
    "firebase_url": "https://bandarie-default-rtdb.europe-west1.firebasedatabase.app",
    "project_id": "bandarie",
    "storage_bucket": "bandarie.firebasestorage.app"
  },
  "client": [
    {
      "client_info": {
        "mobilesdk_app_id": "1:828301390629:android:fdb001afdc7566f945e0cc",
        "android_client_info": {
          "package_name": "com.example.bandrie"
        }
      },
      "oauth_client": [],
      "api_key": [
        {
          "current_key": "AIzaSyB0ceYT2S6bqxDdMkW0TP2gM8_5Q7mlyMk"
        }
      ],
      "services": {
        "appinvite_service": {
          "other_platform_oauth_client": []
        }
      }
    }
  ],
  "configuration_version": "1"
}